endpoint,method,path,body,collection_status,notes,used_in
aboutUs,GET,pages/about-us/,none,not supplied in collection,No request body.,apps/sokoun_app/lib/features/shared/public_pages/data/enums/public_page.dart
acceptOwnerVisitRequest,POST,properties/owner/visits/requests/{id}/accept/,none,matches documented request,Fields and encoding match. Optional fields may be omitted.,apps/sokoun_app/lib/features/owner/visits/presentation/cubits/owner_visit_status_cubit.dart
availablePlaces,GET,properties/available_places/,none,matches documented request,No request body.,apps/sokoun_app/lib/features/tenant/home/presentation/cubits/available_places_cubit.dart
chatConversations,GET,chat/conversations/,none,not supplied in collection,No request body.,apps/sokoun_app/lib/features/shared/chat/data/chats_data.dart
chatMessages,GET,chat/conversations/{id}/messages/,none,not supplied in collection,No request body.,apps/sokoun_app/lib/features/shared/chat/data/chats_data.dart
completeRegister,POST,auth/complete-register/,"national_id,front_id_image,back_id_image,selfie_image",not supplied in collection,Existing body retained.,apps/sokoun_app/lib/features/shared/auth/presentation/cubits/complete_registration_cubit.dart
createChatConversation,POST,chat/conversations/create/,user_id,not supplied in collection,Existing body retained.,apps/sokoun_app/lib/features/shared/chat/data/chats_data.dart; apps/sokoun_app/lib/features/shared/chat/presentation/cubits/start_chat.dart
createChatMessage,POST,chat/conversations/{id}/messages/create/,content,not supplied in collection,Existing body retained.,apps/sokoun_app/lib/features/shared/chat/data/chats_data.dart
createProperty,POST,properties/create/,"title,description,price,price_period,property_type,is_furnished,bathrooms,bedrooms,suitable_for,rental_period,floor,area,space,governorate,city,district,longitude,latitude,has_natural_gas,near_metro,has_air_conditioning,has_balcony,has_security,has_garage,has_elevator,has_wifi,main_image",matches documented request,Fixed district text and actual coordinates; added main_image. Gallery images with metadata use propertyImages instead of optional uploaded_images. Removed unsupported input fields and video/proof steps.,apps/sokoun_app/lib/features/owner/home/presentation/cubits/create_property_cubit.dart
currentUser,GET,auth/users/me/,none,matches documented request,No request body.,apps/sokoun_app/lib/features/shared/auth/data/auth_session_data.dart
deleteAccount,DELETE,auth/delete-account/,none,matches documented request,No request body.,apps/sokoun_app/lib/features/shared/profile/presentation/cubits/profile_delete_account_cubit.dart
editProfile,PATCH,profiles/edit/,"avatar (optional),full_name,gender,phone_number",matches documented request,Shared owner and tenant editor now sends avatar to this documented endpoint.,apps/sokoun_app/lib/features/shared/profile/presentation/cubits/profile_edit_cubit.dart
getAccData,GET,profiles/my-account/,none,matches documented request,No request body.,apps/sokoun_app/lib/features/main_view/presentation/cubits/account_cubit.dart; apps/sokoun_app/lib/features/shared/profile/presentation/cubits/tenant_profile_cubit.dart
googleLogin,POST,auth/google/,token,matches documented request,Fields and encoding match. Optional fields may be omitted.,apps/sokoun_app/lib/features/shared/auth/data/auth_session_data.dart
homePage,GET,homepage/,none,matches documented request,No request body.,apps/sokoun_app/lib/features/tenant/home/data/tenant_home_data.dart
login,POST,auth/login/,"email,password",matches documented request,Fields and encoding match. Optional fields may be omitted.,apps/sokoun_app/lib/features/shared/auth/data/auth_session_data.dart
logout,POST,auth/logout/,none,matches documented request,Fields and encoding match. Optional fields may be omitted.,apps/sokoun_app/lib/features/shared/profile/presentation/cubits/profile_logout_cubit.dart
markAllNotificationsRead,POST,notifications/mark-all-read/,none,not supplied in collection,Existing body retained.,apps/sokoun_app/lib/features/shared/notifications/presentation/cubits/notifications_cubit.dart
markChatConversationRead,POST,chat/conversations/{id}/read/,none,not supplied in collection,Existing body retained.,apps/sokoun_app/lib/features/shared/chat/data/chats_data.dart
markNotificationRead,PATCH,notifications/{id}/read/,none,not supplied in collection,Existing body retained.,apps/sokoun_app/lib/features/shared/notifications/presentation/cubits/notifications_cubit.dart
myRates,GET,profiles/my-rates/,none,not supplied in collection,No request body.,apps/sokoun_app/lib/features/shared/reviews/data/my_reviews_data.dart
notificationDetails,GET,notifications/{id}/,none,not supplied in collection,No request body.,apps/sokoun_app/lib/features/shared/notifications/presentation/cubits/notification_detail_cubit.dart
notificationDevices,POST,notifications/devices/,"token,device_type,device_name (optional)",not supplied in collection,Existing body retained.,apps/sokoun_app/lib/features/shared/notifications/data/notification_device_data.dart
notificationSettings,GET,notifications/settings/,none,not supplied in collection,No request body.,apps/sokoun_app/lib/features/shared/notifications/presentation/cubits/notification_settings_cubit.dart
notificationSettings,PATCH,notifications/settings/,one changed notification flag,not supplied in collection,Existing body retained.,apps/sokoun_app/lib/features/shared/notifications/presentation/cubits/notification_settings_cubit.dart
notifications,GET,notifications/,none,not supplied in collection,No request body.,apps/sokoun_app/lib/features/shared/notifications/data/notifications_data.dart
ownedProperties,GET,properties/owned/,none,matches documented request,No request body.,apps/sokoun_app/lib/features/owner/properties/data/owner_properties_data.dart
ownerCalendar,GET,properties/owner/calendar/,none,matches documented request,No request body.,apps/sokoun_app/lib/features/owner/visits/presentation/cubits/owner_calendar_cubit.dart
ownerDashboard,GET,properties/owner/dashboard/,none,matches documented request,No request body.,apps/sokoun_app/lib/features/owner/home/presentation/cubits/owner_dashboard_cubit.dart
ownerProfile,GET,properties/owner/profile/,none,matches documented request,No request body.,apps/sokoun_app/lib/features/shared/profile/presentation/cubits/owner_profile_cubit.dart
ownerPropertyAvailability,PUT,properties/owner/properties/{id}/availability/,"availability_date,slots[{time,is_enabled}]",matches documented request,Changed POST to documented PUT; nested slots match.,apps/sokoun_app/lib/features/owner/visits/presentation/cubits/owner_availability_cubit.dart
ownerUnreadCounts,GET,profiles/owner/unread-counts/,none,not supplied in collection,No request body.,apps/sokoun_app/lib/features/shared/unread_counts/presentation/cubits/unread_counts_cubit.dart
ownerVisitRequestDetails,GET,properties/owner/visits/requests/{id}/,none,matches documented request,No request body.,apps/sokoun_app/lib/features/owner/visits/presentation/cubits/owner_request_details_cubit.dart
ownerVisitRequests,GET,properties/owner/visits/requests/,none,matches documented request,No request body.,apps/sokoun_app/lib/features/owner/visits/presentation/cubits/received_visits_cubit.dart
privacyPolicy,GET,pages/privacy-policy/,none,not supplied in collection,No request body.,apps/sokoun_app/lib/features/shared/public_pages/data/enums/public_page.dart
profileSettings,GET,profiles/settings/,none,matches documented request,No request body.,apps/sokoun_app/lib/features/shared/profile/presentation/cubits/profile_settings_cubit.dart
profileSettings,PATCH,profiles/settings/,one changed flag: visit_notifications/promotions_and_updates/share_location_for_search/show_profile_in_search,matches documented request,Fields and encoding match. Optional fields may be omitted.,apps/sokoun_app/lib/features/shared/profile/presentation/cubits/profile_settings_cubit.dart
properties,GET,properties/,none,matches documented request,No request body.,apps/sokoun_app/lib/features/tenant/home/data/property_search_data.dart
propertyCities,GET,properties/cities/,none,matches documented request,No request body.,apps/sokoun_app/lib/features/owner/properties/data/owner_properties_data.dart
propertyDetails,GET,properties/{id}/,none,matches documented request,GET documented. PATCH not supplied in collection; existing edit route retained with documented create field names.,apps/sokoun_app/lib/features/tenant/home/presentation/cubits/property_details_cubit.dart; apps/sokoun_app/lib/features/owner/home/presentation/cubits/update_property_cubit.dart
propertyDetails,PATCH,properties/{id}/,same documented property fields as create; no implicit main_image replacement,not supplied in collection,GET documented. PATCH not supplied in collection; existing edit route retained with documented create field names.,apps/sokoun_app/lib/features/tenant/home/presentation/cubits/property_details_cubit.dart; apps/sokoun_app/lib/features/owner/home/presentation/cubits/update_property_cubit.dart
propertyFilterOptions,GET,properties/filter-options/,none,matches documented request,No request body.,apps/sokoun_app/lib/features/tenant/home/presentation/cubits/property_filter_options_cubit.dart
propertyGovernorates,GET,properties/governorates/,none,matches documented request,No request body.,apps/sokoun_app/lib/features/owner/properties/data/owner_properties_data.dart
propertyImages,POST,properties/{id}/images/,"image,name,description",matches documented request,Fields and encoding match. Optional fields may be omitted.,apps/sokoun_app/lib/features/owner/home/presentation/cubits/upload_property_images_cubit.dart
propertyReviews,GET,properties/{id}/reviews/,none,matches documented request,No request body.,apps/sokoun_app/lib/features/shared/reviews/data/property_reviews_data.dart
propertyTypes,GET,properties/types/,none,matches documented request,No request body.,apps/sokoun_app/lib/features/tenant/home/presentation/cubits/property_types_cubit.dart
propertyVisitDetails,GET,properties/visits/{id}/,none,matches documented request,No request body.,apps/sokoun_app/lib/features/owner/visits/presentation/cubits/owner_request_details_cubit.dart
propertyVisits,POST,properties/{id}/visits/,"visit_date,visit_time,note",matches documented request,Normalized visit_time to HH:mm:ss.,apps/sokoun_app/lib/features/tenant/visits/presentation/cubits/book_visit_cubit.dart
receivedPropertyVisits,GET,properties/visits/received/,none,matches documented request,No request body.,apps/sokoun_app/lib/features/owner/visits/presentation/cubits/received_visits_cubit.dart
register,POST,auth/users/,"first_name,last_name,email,phone_number,password,re_password",matches documented request,Fixed phone_number and JSON encoding; registration UI now sends credentials then verifies email. Identity documents remain in authenticated completion flow.,apps/sokoun_app/lib/features/shared/auth/presentation/cubits/register.dart
rejectOwnerVisitRequest,POST,properties/owner/visits/requests/{id}/reject/,"reason,custom_reason",matches documented request,Fields and encoding match. Optional fields may be omitted.,apps/sokoun_app/lib/features/owner/visits/presentation/cubits/owner_visit_status_cubit.dart
resendOtp,POST,auth/resend-otp/,email,matches documented request,Fields and encoding match. Optional fields may be omitted.,apps/sokoun_app/lib/features/shared/auth/presentation/cubits/otp.dart
resetPassword,POST,auth/users/reset_password/,email,matches documented request,Fields and encoding match. Optional fields may be omitted.,apps/sokoun_app/lib/features/shared/auth/presentation/cubits/forgot_password.dart
reviewPropertyVisit,POST,properties/visits/{id}/review/,"cleanliness_rating,listing_accuracy_rating,owner_interaction_rating,comment",matches documented request,Fields and encoding match. Optional fields may be omitted.,apps/sokoun_app/lib/features/tenant/visits/presentation/cubits/visit_review_cubit.dart
saveProperty,POST,properties/{id}/save/,none,matches documented request,Fields and encoding match. Optional fields may be omitted.,apps/sokoun_app/lib/features/tenant/home/presentation/cubits/property_save_cubit.dart
savedProperties,GET,properties/saved/,none,matches documented request,No request body.,apps/sokoun_app/lib/features/tenant/favorites/data/favorites_data.dart
tenantAccountSummary,GET,profiles/account-summary/,none,matches documented request,No request body.,apps/sokoun_app/lib/features/shared/profile/presentation/cubits/tenant_account_summary_cubit.dart
tenantUnreadCounts,GET,profiles/tenant/unread-counts/,none,not supplied in collection,No request body.,apps/sokoun_app/lib/features/shared/unread_counts/presentation/cubits/unread_counts_cubit.dart
tenantVisitRequestDetails,GET,properties/visits/requests/{id}/,none,matches documented request,No request body.,apps/sokoun_app/lib/features/tenant/visits/presentation/cubits/visit_details_cubit.dart
tenantVisitRequests,GET,properties/visits/requests/,none,matches documented request,No request body.,apps/sokoun_app/lib/features/tenant/visits/data/tenant_visits_data.dart
tenantVisits,GET,properties/visits/,none,matches documented request,No request body.,apps/sokoun_app/lib/features/tenant/visits/data/tenant_visits_data.dart
terms,GET,pages/terms/,none,not supplied in collection,No request body.,apps/sokoun_app/lib/features/shared/public_pages/data/enums/public_page.dart
unregisterNotificationDevice,POST,notifications/devices/unregister/,token,not supplied in collection,Existing body retained.,apps/sokoun_app/lib/features/shared/notifications/data/notification_device_data.dart
unsaveProperty,DELETE,properties/{id}/unsave/,none,matches documented request,No request body.,apps/sokoun_app/lib/features/tenant/home/presentation/cubits/property_save_cubit.dart
updatePropertyVisit,PATCH,properties/visits/{id}/update/,status=canceled,matches documented request,Fields and encoding match. Optional fields may be omitted.,apps/sokoun_app/lib/features/tenant/visits/presentation/cubits/visit_cancel_cubit.dart
updateUserProfile,PATCH,profiles/user/update/,"first_name,last_name,gender,phone_number",matches documented request,Removed unsupported avatar; optional identity fields in collection are not required by this profile-edit body.,apps/sokoun_app/lib/features/shared/profile/presentation/cubits/profile_edit_cubit.dart
userProfile,GET,profiles/user/my-profile/,none,matches documented request,No request body.,apps/sokoun_app/lib/features/shared/profile/presentation/cubits/user_profile_cubit.dart
verifyOtp,POST,auth/verify/,"email,otp",matches documented request,Fields and encoding match. Optional fields may be omitted.,apps/sokoun_app/lib/features/shared/auth/presentation/cubits/otp.dart
