endpoint_key,methods,owner,request_triggers,repeat_assessment,source_locations
aboutUs,GET,PublicPageCubit,Open about page; retry,Page/language identifies content; read guard,apps/sokoun_app/lib/features/shared/public_pages/data/enums/public_page.dart:4
acceptOwnerVisitRequest,POST,OwnerVisitStatusCubit,Confirm accept from list or detail,Alternative entry points for same action; single in-flight decision,apps/sokoun_app/lib/features/owner/visits/presentation/cubits/owner_visit_status_cubit.dart:13
availablePlaces,GET,AvailablePlacesCubit,Select property type; pull refresh; retry,Same pending selection shares Future; replaced/disposed requests cancel; stale responses ignored,apps/sokoun_app/lib/features/tenant/home/presentation/cubits/available_places_cubit.dart:44
chatConversations,GET,ChatApiDataSource / AppPagify,Conversation list entry; pages; refresh; resume reconciliation,One list pager; search filters supplied conversations locally,apps/sokoun_app/lib/features/shared/chat/data/chats_data.dart:75
chatMessages,GET,ChatApiDataSource / chat thread pagination,Open thread; older pages; reconnect reconciliation,Conversation/page identify reads; realtime events merge into thread,apps/sokoun_app/lib/features/shared/chat/data/chats_data.dart:96
completeRegister,POST,CompleteRegistrationCubit,Submit profile completion,Existing submission guard,apps/sokoun_app/lib/features/shared/auth/presentation/cubits/complete_registration_cubit.dart:19
createChatConversation,POST,CreateConversationCubit; ChatApiDataSource adapter,Start conversation from property/visit entry points,Cubit is production UI path; adapter method has no production caller; no parallel screen triggers found,apps/sokoun_app/lib/features/shared/chat/data/chats_data.dart:121; apps/sokoun_app/lib/features/shared/chat/presentation/cubits/start_chat.dart:24
createChatMessage,POST,ChatApiDataSource / ChatThreadCubit outbox,Explicit send; queued delivery retry,Multiple messages are different actions; outbox serializes flush; not globally deduplicated,apps/sokoun_app/lib/features/shared/chat/data/chats_data.dart:139
createProperty,POST,CreatePropertyCubit,Submit new property,Single submission guard,apps/sokoun_app/lib/features/owner/home/presentation/cubits/create_property_cubit.dart:17
currentUser,GET,AuthSessionData,After successful authentication,Different resource from profiles/my-account; needed for identity,apps/sokoun_app/lib/features/shared/auth/data/auth_session_data.dart:66
deleteAccount,DELETE,ProfileDeleteAccountCubit,Confirmed account deletion,Single submission guard,apps/sokoun_app/lib/features/shared/profile/presentation/cubits/profile_delete_account_cubit.dart:11
editProfile,PATCH,ProfileEditCubit,Save owner or tenant profile,Shared editing flow; single submission guard,apps/sokoun_app/lib/features/shared/profile/presentation/cubits/profile_edit_cubit.dart:14
getAccData,GET,AccountCubit + shared TenantProfileCubit,Home initialization; profile refresh; app resume; profile edited,Profile joins startup account request; later freshness requests are intentional,apps/sokoun_app/lib/features/main_view/presentation/cubits/account_cubit.dart:31; apps/sokoun_app/lib/features/shared/profile/presentation/cubits/tenant_profile_cubit.dart:39
googleLogin,POST,GoogleLoginCubit / AuthSessionData,Submit Google authentication,Single submission guard; then currentUser establishes identity,apps/sokoun_app/lib/features/shared/auth/data/auth_session_data.dart:41
homePage,GET,TenantHomeData / AppPagify,Tenant home first page; next pages; pull refresh,One pager; new pages/refresh intentional,apps/sokoun_app/lib/features/tenant/home/data/tenant_home_data.dart:33
login,POST,LoginCubit / AuthSessionData,Submit login form,Single form submission guard; then currentUser establishes identity,apps/sokoun_app/lib/features/shared/auth/data/auth_session_data.dart:31
markAllNotificationsRead,POST,NotificationsCubit,Explicit mark-all action,Guarded while active and when count is zero; then reconcile list,apps/sokoun_app/lib/features/shared/notifications/presentation/cubits/notifications_cubit.dart:71
markChatConversationRead,POST,ChatApiDataSource / ChatThreadCubit,Open/resume thread or receive message in active thread,New arrivals may require another acknowledgement; intentional,apps/sokoun_app/lib/features/shared/chat/data/chats_data.dart:157
markNotificationRead,PATCH,NotificationsCubit,Open unread notification,Same notification ID cannot overlap; separate IDs can,apps/sokoun_app/lib/features/shared/notifications/presentation/cubits/notifications_cubit.dart:37
myRates,GET,MyReviewsData / AppPagify,Reviews entry; pages; refresh,One pager; new pages and explicit refresh intentional,apps/sokoun_app/lib/features/shared/reviews/data/my_reviews_data.dart:14
notificationDetails,GET,NotificationDetailCubit,Open selected notification; retry,Details include action payload; read refresh bus updates shared badge,apps/sokoun_app/lib/features/shared/notifications/presentation/cubits/notification_detail_cubit.dart:26
notificationDevices,POST,NotificationDeviceApiDataSource,Authenticated startup; permission grant; token rotation,Serialize before auth await; same token/session reused; retain new token during in-flight registration,apps/sokoun_app/lib/features/shared/notifications/data/notification_device_data.dart:99
notificationSettings,GET; PATCH,NotificationSettingsCubit; NotificationSettingUpdateCubit,Settings entry/refresh; toggle a setting,GET and PATCH are distinct; guarded; only changed row and spinner rebuild,apps/sokoun_app/lib/features/shared/notifications/presentation/cubits/notification_settings_cubit.dart:17; apps/sokoun_app/lib/features/shared/notifications/presentation/cubits/notification_settings_cubit.dart:46
notifications,GET,NotificationsData / AppPagify,Notifications entry; pages; refresh; return from detail; mark all,List includes unread count; mutation reconciliation intentional,apps/sokoun_app/lib/features/shared/notifications/data/notifications_data.dart:67
ownedProperties,GET,OwnerPropertiesData / AppPagify,Owner properties entry; pages; return from edit/create; refresh,Reconciliation after mutations is intentional,apps/sokoun_app/lib/features/owner/properties/data/owner_properties_data.dart:79
ownerCalendar,GET,OwnerCalendarCubit,Calendar entry; select date; refresh; availability saved,Same pending date shares Future; replaced/disposed requests cancel; save triggers one refresh,apps/sokoun_app/lib/features/owner/visits/presentation/cubits/owner_calendar_cubit.dart:41
ownerDashboard,GET,OwnerDashboardCubit,Owner home entry; refresh; request resolved,Overlapping read guarded; mutation reconciliation intentional,apps/sokoun_app/lib/features/owner/home/presentation/cubits/owner_dashboard_cubit.dart:14
ownerProfile,GET,OwnerProfileCubit,Owner profile entry; refresh; profile edited,One screen-owned Cubit; overlapping read guarded,apps/sokoun_app/lib/features/shared/profile/presentation/cubits/owner_profile_cubit.dart:11
ownerPropertyAvailability,POST,OwnerAvailabilityCubit,Save availability for property/date,Single submission guard; successful save reconciles calendar,apps/sokoun_app/lib/features/owner/visits/presentation/cubits/owner_availability_cubit.dart:16
ownerUnreadCounts,GET,UnreadCountsCubit (owner),Home initialization/resume; visit refresh events,Separate owner resource; one owner source with shared in-flight request,apps/sokoun_app/lib/features/shared/unread_counts/presentation/cubits/unread_counts_cubit.dart:97
ownerVisitRequestDetails,GET,OwnerRequestDetailsCubit,Open request details; retry; refresh,Detail ID identifies request; overlapping read guarded,apps/sokoun_app/lib/features/owner/visits/presentation/cubits/owner_request_details_cubit.dart:13
privacyPolicy,GET,PublicPageCubit,Open privacy page; retry,Page/language identifies content; read guard,apps/sokoun_app/lib/features/shared/public_pages/data/enums/public_page.dart:5
properties,GET,PropertySearchData / AppPagify,Results entry; query/filter submit; next pages; refresh,One live pager; query replacement and disposal cancel obsolete reads; cancellation skips cache/error UI,apps/sokoun_app/lib/features/tenant/home/data/property_search_data.dart:32
propertyCities,GET,OwnerPropertiesData / AppDropinity,Open city selector for governorate,Governorate is request identity; changed governorate intentionally reloads,apps/sokoun_app/lib/features/owner/properties/data/owner_properties_data.dart:58
propertyDetails,GET; PATCH,PropertyDetailsCubit; UpdatePropertyCubit,Read property or edit form; submit edited property,GET and PATCH have different intents; detail IDs scoped; read/submission guards,apps/sokoun_app/lib/features/tenant/home/presentation/cubits/property_details_cubit.dart:14; apps/sokoun_app/lib/features/owner/home/presentation/cubits/update_property_cubit.dart:19
propertyFilterOptions,GET,PropertyFilterOptionsCubit,First filter/results entry in navigation flow,Loaded options reused between search/filter/results and repeated favorites filters,apps/sokoun_app/lib/features/tenant/home/presentation/cubits/property_filter_options_cubit.dart:18
propertyGovernorates,GET,OwnerPropertiesData / AppDropinity,Open governorate selector in property form,Dropdown owns lookup pagination; no constructor/build side effects,apps/sokoun_app/lib/features/owner/properties/data/owner_properties_data.dart:40
propertyTypes,GET,PropertyTypesCubit,Search entry; pull refresh; retry,Overlapping read guarded,apps/sokoun_app/lib/features/tenant/home/presentation/cubits/property_types_cubit.dart:14
propertyVisits,POST,BookVisitCubit,Submit visit booking,Existing submission guard,apps/sokoun_app/lib/features/tenant/visits/presentation/cubits/book_visit_cubit.dart:31
receivedPropertyVisits,GET,ReceivedVisitsCubit,Owner requests entry; refresh; retry,Overlapping read guarded; decisions update local row,apps/sokoun_app/lib/features/owner/visits/presentation/cubits/received_visits_cubit.dart:14
refreshToken,POST,SessionRefreshCoordinator via DioService,Expired HTTP credentials; WebSocket auth recovery,HTTP and WebSocket share one refresh per active session; delayed 401 reuses successful refresh; one HTTP retry; cancellation of a caller preserves shared refresh,packages/core/lib/core/network/dio_service.dart:124; packages/core/lib/core/network/dio_service.dart:200; packages/core/lib/core/network/dio_service.dart:212; packages/core/lib/core/network/dio_service.dart:248; packages/core/lib/core/network/interceptors/cookie_token_header_interceptor.dart:46; packages/core/lib/core/network/interceptors/unauthorized_interceptor.dart:40
register,POST,RegisterCubit,Submit registration,Single submission guard,apps/sokoun_app/lib/features/shared/auth/presentation/cubits/register.dart:50
rejectOwnerVisitRequest,POST,OwnerVisitStatusCubit,Confirm reject from list or detail,Alternative entry points for same action; single in-flight decision,apps/sokoun_app/lib/features/owner/visits/presentation/cubits/owner_visit_status_cubit.dart:26
resendOtp,POST,OtpCubit,Explicit resend after countdown,Intentional repeat; guarded during active OTP operation,apps/sokoun_app/lib/features/shared/auth/presentation/cubits/otp.dart:36
resetPassword,POST,ForgotPasswordCubit,Submit reset request,Single submission guard; later explicit retry allowed,apps/sokoun_app/lib/features/shared/auth/presentation/cubits/forgot_password.dart:17
saveProperty,POST,PropertySaveCubit,Save detail; undo favorite removal,Separate user actions; UI guards per property; different IDs may overlap,apps/sokoun_app/lib/features/tenant/home/presentation/cubits/property_save_cubit.dart:40
savedProperties,GET,FavoritesData / AppPagify,Favorites entry; pages; refresh,One pager; local filter changes reuse loaded items,apps/sokoun_app/lib/features/tenant/favorites/data/favorites_data.dart:38
tenantAccountSummary,GET,TenantAccountSummaryCubit,Summary screen entry; retry; refresh,Overlapping read guarded,apps/sokoun_app/lib/features/shared/profile/presentation/cubits/tenant_account_summary_cubit.dart:13
tenantUnreadCounts,GET,UnreadCountsCubit (tenant),Home initialization/resume; notification/chat/visit refresh events,One shared source for badge consumers; concurrent loads share request; mutations may queue trailing refresh,apps/sokoun_app/lib/features/shared/unread_counts/presentation/cubits/unread_counts_cubit.dart:98
tenantVisits,GET,TenantVisitsData / AppPagify,Tenant visits entry; pages; refresh,Local status filtering does not issue another endpoint,apps/sokoun_app/lib/features/tenant/visits/data/tenant_visits_data.dart:57
terms,GET,PublicPageCubit,Open terms page; retry,Page/language identifies content; read guard,apps/sokoun_app/lib/features/shared/public_pages/data/enums/public_page.dart:6
unregisterNotificationDevice,POST,NotificationDeviceApiDataSource,Session cleanup/logout,Wait for registration before unregistering; session generation guarded,apps/sokoun_app/lib/features/shared/notifications/data/notification_device_data.dart:136
unsaveProperty,DELETE,PropertySaveCubit,Unsave detail; remove favorite,Separate user actions; UI guards per property; different IDs may overlap,apps/sokoun_app/lib/features/tenant/home/presentation/cubits/property_save_cubit.dart:41
verifyOtp,POST,OtpCubit,Submit verification code,Submission guard prevents overlap with verification/resend,apps/sokoun_app/lib/features/shared/auth/presentation/cubits/otp.dart:18
