method,path,status,api_constant,entry_point,source,notes
POST,/api/v1/auth/users/,wired,register,Register User,apps/sokoun_app/lib/features/shared/auth/presentation/cubits/register.dart:50,Wired in source; see verification report for tested flows; live backend not exercised
POST,/api/v1/auth/verify/,wired,verifyOtp,Verify,apps/sokoun_app/lib/features/shared/auth/presentation/cubits/otp.dart:18,Wired in source; see verification report for tested flows; live backend not exercised
POST,/api/v1/auth/resend-otp/,wired,resendOtp,Resend OTP,apps/sokoun_app/lib/features/shared/auth/presentation/cubits/otp.dart:36,Wired in source; see verification report for tested flows; live backend not exercised
POST,/api/v1/auth/login/,wired,login,Login,apps/sokoun_app/lib/features/shared/auth/data/auth_session_data.dart:31,Wired in source; see verification report for tested flows; live backend not exercised
POST,/api/v1/auth/google/,wired,googleLogin,Login / Continue with Google,apps/sokoun_app/lib/features/shared/auth/data/auth_session_data.dart:41,Wired in source; see verification report for tested flows; live backend not exercised
GET,/api/v1/auth/users/me/,wired,currentUser,Currently Logged In User,apps/sokoun_app/lib/features/shared/auth/data/auth_session_data.dart:66,Wired in source; see verification report for tested flows; live backend not exercised
POST,/api/v1/auth/refresh/,wired,refreshToken,Refresh Access Token,packages/core/lib/core/network/dio_service.dart:124; packages/core/lib/core/network/dio_service.dart:200; packages/core/lib/core/network/dio_service.dart:212; packages/core/lib/core/network/dio_service.dart:248; packages/core/lib/core/network/interceptors/cookie_token_header_interceptor.dart:46; packages/core/lib/core/network/interceptors/unauthorized_interceptor.dart:40,Wired in source; see verification report for tested flows; live backend not exercised
POST,/api/v1/auth/users/reset_password/,wired,resetPassword,Forgot Password,apps/sokoun_app/lib/features/shared/auth/presentation/cubits/forgot_password.dart:17,Wired in source; see verification report for tested flows; live backend not exercised
POST,/api/v1/auth/users/reset_password_confirm/,excluded,,,,Collection says do not use; exclusion confirmed by user
POST,/api/v1/auth/logout/,wired,logout,Profile logout button,apps/sokoun_app/lib/features/shared/profile/presentation/cubits/profile_logout_cubit.dart:11,Wired in source; see verification report for tested flows; live backend not exercised
GET,/api/v1/profiles/all/,excluded,,,,Collection says do not use; exclusion confirmed by user
GET,/api/v1/profiles/user/my-profile/,wired,userProfile,Tenant and owner profile editors,apps/sokoun_app/lib/features/shared/profile/presentation/cubits/user_profile_cubit.dart:12,Wired in source; see verification report for tested flows; live backend not exercised
PATCH,/api/v1/profiles/user/update/,wired,updateUserProfile,Owner profile save,apps/sokoun_app/lib/features/shared/profile/presentation/cubits/profile_edit_cubit.dart:16,Wired in source; see verification report for tested flows; live backend not exercised
GET,/api/v1/homepage/,wired,homePage,Home,apps/sokoun_app/lib/features/tenant/home/data/tenant_home_data.dart:33,Wired in source; see verification report for tested flows; live backend not exercised
GET,/api/v1/properties/,wired,properties,Search & Results & Filters (Full),apps/sokoun_app/lib/features/tenant/home/data/property_search_data.dart:32,Wired in source; see verification report for tested flows; live backend not exercised
GET,/api/v1/properties/{id}/,wired,propertyDetails,Property Details & Gallery & Map View,apps/sokoun_app/lib/features/tenant/home/presentation/cubits/property_details_cubit.dart:14; apps/sokoun_app/lib/features/owner/home/presentation/cubits/update_property_cubit.dart:20,Wired in source; see verification report for tested flows; live backend not exercised
GET,/api/v1/properties/types/,wired,propertyTypes,list Property types,apps/sokoun_app/lib/features/tenant/home/presentation/cubits/property_types_cubit.dart:14,Wired in source; see verification report for tested flows; live backend not exercised
POST,/api/v1/properties/{id}/visits/,wired,propertyVisits,Book Visit & Confirmed,apps/sokoun_app/lib/features/tenant/visits/presentation/cubits/book_visit_cubit.dart:31,Wired in source; see verification report for tested flows; live backend not exercised
GET,/api/v1/properties/visits/,wired,tenantVisits,Tenant home visit banner,apps/sokoun_app/lib/features/tenant/visits/data/tenant_visits_data.dart:61,Wired in source; see verification report for tested flows; live backend not exercised
GET,/api/v1/properties/filter-options/,wired,propertyFilterOptions,Filter Options,apps/sokoun_app/lib/features/tenant/home/presentation/cubits/property_filter_options_cubit.dart:18,Wired in source; see verification report for tested flows; live backend not exercised
GET,/api/v1/properties/available_places/,wired,availablePlaces,New Request,apps/sokoun_app/lib/features/tenant/home/presentation/cubits/available_places_cubit.dart:44,Wired in source; see verification report for tested flows; live backend not exercised
GET,/api/v1/properties/cities/,wired,propertyCities,List Cities,apps/sokoun_app/lib/features/owner/properties/data/owner_properties_data.dart:58,Wired in source; see verification report for tested flows; live backend not exercised
GET,/api/v1/properties/governorates/,wired,propertyGovernorates,List Governrates,apps/sokoun_app/lib/features/owner/properties/data/owner_properties_data.dart:40,Wired in source; see verification report for tested flows; live backend not exercised
GET,/api/v1/properties/owner/dashboard/,wired,ownerDashboard,Dashboard,apps/sokoun_app/lib/features/owner/home/presentation/cubits/owner_dashboard_cubit.dart:14,Wired in source; see verification report for tested flows; live backend not exercised
GET,/api/v1/properties/owned/,wired,ownedProperties,My Listings,apps/sokoun_app/lib/features/owner/properties/data/owner_properties_data.dart:79,Wired in source; see verification report for tested flows; live backend not exercised
GET,/api/v1/properties/visits/received/,wired,receivedPropertyVisits,Owner home / received requests,apps/sokoun_app/lib/features/owner/visits/presentation/cubits/received_visits_cubit.dart:17,Wired in source; see verification report for tested flows; live backend not exercised
POST,/api/v1/properties/create/,wired,createProperty,Add Property+Map && Pricing+RentalPeriod+Amenities && Details+Smoking+Ownership && Submitted,apps/sokoun_app/lib/features/owner/home/presentation/cubits/create_property_cubit.dart:19,Wired in source; see verification report for tested flows; live backend not exercised
POST,/api/v1/properties/{id}/images/,wired,propertyImages,Photos+Name+Desc,apps/sokoun_app/lib/features/owner/home/presentation/cubits/upload_property_images_cubit.dart:34,Wired in source; see verification report for tested flows; live backend not exercised
GET,/api/v1/properties/visits/{id}/,wired,propertyVisitDetails,Received owner request / details,apps/sokoun_app/lib/features/owner/visits/presentation/cubits/owner_request_details_cubit.dart:16,Wired in source; see verification report for tested flows; live backend not exercised
PATCH,/api/v1/properties/visits/{id}/update/,wired,updatePropertyVisit,Cancel visit from list or details,apps/sokoun_app/lib/features/tenant/visits/presentation/cubits/visit_cancel_cubit.dart:11,Wired in source; see verification report for tested flows; live backend not exercised
GET,/api/v1/properties/saved/,wired,savedProperties,Saved Listings,apps/sokoun_app/lib/features/tenant/favorites/data/favorites_data.dart:38,Wired in source; see verification report for tested flows; live backend not exercised
POST,/api/v1/properties/{id}/save/,wired,saveProperty,Save Property,apps/sokoun_app/lib/features/tenant/home/presentation/cubits/property_save_cubit.dart:40,Wired in source; see verification report for tested flows; live backend not exercised
DELETE,/api/v1/properties/{id}/unsave/,wired,unsaveProperty,Un Save Property,apps/sokoun_app/lib/features/tenant/home/presentation/cubits/property_save_cubit.dart:41,Wired in source; see verification report for tested flows; live backend not exercised
GET,/api/v1/properties/visits/requests/,wired,tenantVisitRequests,Tenant visits tab,apps/sokoun_app/lib/features/tenant/visits/data/tenant_visits_data.dart:60,Wired in source; see verification report for tested flows; live backend not exercised
GET,/api/v1/properties/{id}/available_dates/,excluded,,,,User exclusion
GET,/api/v1/properties/visits/requests/{id}/,wired,tenantVisitRequestDetails,Tenant visits list / details,apps/sokoun_app/lib/features/tenant/visits/presentation/cubits/visit_details_cubit.dart:10,Wired in source; see verification report for tested flows; live backend not exercised
POST,/api/v1/properties/visits/{id}/review/,wired,reviewPropertyVisit,Visit rating sheet,apps/sokoun_app/lib/features/tenant/visits/presentation/cubits/visit_review_cubit.dart:14,Wired in source; see verification report for tested flows; live backend not exercised
GET,/api/v1/properties/{id}/reviews/,wired,propertyReviews,Property details / Property reviews,apps/sokoun_app/lib/features/shared/reviews/data/property_reviews_data.dart:15,Wired in source; see verification report for tested flows; live backend not exercised
GET,/api/v1/properties/owner/calendar/,wired,ownerCalendar,Calendar,apps/sokoun_app/lib/features/owner/visits/presentation/cubits/owner_calendar_cubit.dart:41,Wired in source; see verification report for tested flows; live backend not exercised
GET,/api/v1/properties/owner/properties/{id}/availability/,excluded,,,,User exclusion; no navigation into availability editor
PUT,/api/v1/properties/owner/properties/{id}/availability/,excluded,,,,User exclusion; no navigation into availability editor
GET,/api/v1/properties/owner/visits/requests/,wired,ownerVisitRequests,Owner requests tab,apps/sokoun_app/lib/features/owner/visits/presentation/cubits/received_visits_cubit.dart:16,Wired in source; see verification report for tested flows; live backend not exercised
GET,/api/v1/properties/owner/visits/requests/{id}/,wired,ownerVisitRequestDetails,Detail,apps/sokoun_app/lib/features/owner/visits/presentation/cubits/owner_request_details_cubit.dart:17,Wired in source; see verification report for tested flows; live backend not exercised
POST,/api/v1/properties/owner/visits/requests/{id}/reject/,wired,rejectOwnerVisitRequest,Reject,apps/sokoun_app/lib/features/owner/visits/presentation/cubits/owner_visit_status_cubit.dart:26,Wired in source; see verification report for tested flows; live backend not exercised
POST,/api/v1/properties/owner/visits/requests/{id}/accept/,wired,acceptOwnerVisitRequest,Accept,apps/sokoun_app/lib/features/owner/visits/presentation/cubits/owner_visit_status_cubit.dart:13,Wired in source; see verification report for tested flows; live backend not exercised
GET,/api/v1/profiles/my-account/,wired,getAccData,Profile,apps/sokoun_app/lib/features/main_view/presentation/cubits/account_cubit.dart:31; apps/sokoun_app/lib/features/shared/profile/presentation/cubits/tenant_profile_cubit.dart:39,Wired in source; see verification report for tested flows; live backend not exercised
PATCH,/api/v1/profiles/edit/,wired,editProfile,Edit profile,apps/sokoun_app/lib/features/shared/profile/presentation/cubits/profile_edit_cubit.dart:17,Wired in source; see verification report for tested flows; live backend not exercised
GET,/api/v1/profiles/account-summary/,wired,tenantAccountSummary,Summary,apps/sokoun_app/lib/features/shared/profile/presentation/cubits/tenant_account_summary_cubit.dart:13,Wired in source; see verification report for tested flows; live backend not exercised
GET,/api/v1/profiles/settings/,wired,profileSettings,Profile / Privacy and preferences,apps/sokoun_app/lib/features/shared/profile/presentation/cubits/profile_settings_cubit.dart:10; apps/sokoun_app/lib/features/shared/profile/presentation/cubits/profile_settings_cubit.dart:36,Wired in source; see verification report for tested flows; live backend not exercised
PATCH,/api/v1/profiles/settings/,wired,profileSettings,Profile / Privacy and preferences,apps/sokoun_app/lib/features/shared/profile/presentation/cubits/profile_settings_cubit.dart:10; apps/sokoun_app/lib/features/shared/profile/presentation/cubits/profile_settings_cubit.dart:36,Wired in source; see verification report for tested flows; live backend not exercised
DELETE,/api/v1/auth/delete-account/,wired,deleteAccount,Delete Account,apps/sokoun_app/lib/features/shared/profile/presentation/cubits/profile_delete_account_cubit.dart:11,Wired in source; see verification report for tested flows; live backend not exercised
GET,/api/v1/properties/owner/profile/,wired,ownerProfile,Profile -- Owner,apps/sokoun_app/lib/features/shared/profile/presentation/cubits/owner_profile_cubit.dart:11,Wired in source; see verification report for tested flows; live backend not exercised
